{"match_rate": 0.5254256024762326, "rms_dist": 0.06200635792942753}